{"cameraMode":{"drawMode":0,"name":"Shaded","section":"Shading Mode"},"sceneLighting":false,"audioPlay":false,"sceneViewState":{"showFog":true,"showMaterialUpdate":false,"showSkybox":true,"showFlares":true,"showImageEffects":true,"showParticleSystems":true},"in2DMode":false,"pivot":{"x":-0.7303509712219238,"y":2.4991562366485597,"z":-0.571960985660553},"rotation":{"x":-0.31444254517555239,"y":0.16323231160640717,"z":-0.05498696491122246,"w":-0.933526337146759},"size":3.2516493797302248,"orthographic":false}