{"cameraMode":{"drawMode":0,"name":"Shaded","section":"Shading Mode"},"sceneLighting":false,"audioPlay":false,"sceneViewState":{"showFog":true,"showMaterialUpdate":false,"showSkybox":true,"showFlares":true,"showImageEffects":true,"showParticleSystems":true},"in2DMode":false,"pivot":{"x":-0.47739294171333315,"y":1.8225126266479493,"z":0.0064360229298472408},"rotation":{"x":0.022006073966622354,"y":-0.9682400226593018,"z":0.09207422286272049,"w":0.23141705989837647},"size":1.0983681678771973,"orthographic":false}