{"cameraMode":{"drawMode":0,"name":"Shaded","section":"Shading Mode"},"sceneLighting":false,"audioPlay":false,"sceneViewState":{"showFog":true,"showMaterialUpdate":false,"showSkybox":false,"showFlares":true,"showImageEffects":true,"showParticleSystems":true},"in2DMode":false,"pivot":{"x":-0.12326169013977051,"y":0.5132735967636108,"z":-0.03464770317077637},"rotation":{"x":0.19734422862529756,"y":0.3470785617828369,"z":-0.07495718449354172,"w":0.9137702584266663},"size":1.1912699937820435,"orthographic":false}