{"cameraMode":{"drawMode":0,"name":"Shaded","section":"Shading Mode"},"sceneLighting":false,"audioPlay":false,"sceneViewState":{"showFog":true,"showMaterialUpdate":false,"showSkybox":true,"showFlares":true,"showImageEffects":true,"showParticleSystems":true},"in2DMode":false,"pivot":{"x":673.3657836914063,"y":635.1270751953125,"z":-1.063232421875},"rotation":{"x":-0.04079718515276909,"y":0.006591556128114462,"z":-0.0002685425279196352,"w":-0.9991521239280701},"size":395.735107421875,"orthographic":false}