{"cameraMode":{"drawMode":0,"name":"Shaded","section":"Shading Mode"},"sceneLighting":false,"audioPlay":false,"sceneViewState":{"showFog":true,"showMaterialUpdate":false,"showSkybox":true,"showFlares":true,"showImageEffects":true,"showParticleSystems":true},"in2DMode":false,"pivot":{"x":5.023106575012207,"y":-16.228103637695314,"z":4.637999057769775},"rotation":{"x":0.7028443813323975,"y":-0.0032010043505579235,"z":0.0031628210563212635,"w":0.711329460144043},"size":12.530309677124024,"orthographic":false}