{"cameraMode":{"drawMode":0,"name":"Shaded","section":"Shading Mode"},"sceneLighting":false,"audioPlay":false,"sceneViewState":{"showFog":true,"showMaterialUpdate":false,"showSkybox":true,"showFlares":true,"showImageEffects":true,"showParticleSystems":true},"in2DMode":false,"pivot":{"x":1186.0751953125,"y":311.9960632324219,"z":167.4130859375},"rotation":{"x":-0.043550021946430209,"y":-0.10560431331396103,"z":0.0046294392086565498,"w":-0.9934490323066711},"size":697.0675659179688,"orthographic":false}