{"cameraMode":{"drawMode":0,"name":"Shaded","section":"Shading Mode"},"sceneLighting":false,"audioPlay":false,"sceneViewState":{"showFog":true,"showMaterialUpdate":false,"showSkybox":true,"showFlares":true,"showImageEffects":true,"showParticleSystems":true},"in2DMode":false,"pivot":{"x":492.8970031738281,"y":811.1187744140625,"z":11.81109619140625},"rotation":{"x":-0.04079718515276909,"y":0.006591556128114462,"z":-0.0002685425279196352,"w":-0.9991521239280701},"size":447.9142150878906,"orthographic":false}