{"cameraMode":{"drawMode":0,"name":"Shaded","section":"Shading Mode"},"sceneLighting":false,"audioPlay":false,"sceneViewState":{"showFog":true,"showMaterialUpdate":false,"showSkybox":true,"showFlares":true,"showImageEffects":true,"showParticleSystems":true},"in2DMode":false,"pivot":{"x":-3.9791693687438967,"y":0.4897308349609375,"z":-1.7841968536376954},"rotation":{"x":-0.49998921155929568,"y":0.045947540551424029,"z":-0.026581473648548127,"w":-0.8644112944602966},"size":5.00513219833374,"orthographic":false}