{"cameraMode":{"drawMode":0,"name":"Shaded","section":"Shading Mode"},"sceneLighting":false,"audioPlay":false,"sceneViewState":{"showFog":true,"showMaterialUpdate":false,"showSkybox":false,"showFlares":true,"showImageEffects":true,"showParticleSystems":true},"in2DMode":false,"pivot":{"x":-0.38215047121047976,"y":0.795046329498291,"z":-0.046699583530426028},"rotation":{"x":-0.053667210042476657,"y":0.9440966248512268,"z":-0.19414103031158448,"w":-0.26098066568374636},"size":1.3983681201934815,"orthographic":false}