{"cameraMode":{"drawMode":0,"name":"Shaded","section":"Shading Mode"},"sceneLighting":false,"audioPlay":false,"sceneViewState":{"showFog":true,"showMaterialUpdate":false,"showSkybox":false,"showFlares":true,"showImageEffects":true,"showParticleSystems":true},"in2DMode":false,"pivot":{"x":0.0,"y":1.8537044525146485,"z":-0.22445249557495118},"rotation":{"x":-0.11697924137115479,"y":-0.03217489272356033,"z":0.003791766008362174,"w":-0.9926092624664307},"size":1.0361448526382447,"orthographic":false}