{"cameraMode":{"drawMode":0,"name":"Shaded","section":"Shading Mode"},"sceneLighting":false,"audioPlay":false,"sceneViewState":{"showFog":true,"showMaterialUpdate":false,"showSkybox":true,"showFlares":true,"showImageEffects":true,"showParticleSystems":true},"in2DMode":false,"pivot":{"x":-10.894745826721192,"y":-21.998010635375978,"z":21.613895416259767},"rotation":{"x":0.39923566579818728,"y":0.008251245133578778,"z":-0.0035928208380937578,"w":0.9168055653572083},"size":19.465757369995118,"orthographic":false}